image\feature\division_hd\dhd_100_1.jpg,117
image\feature\division_hd\dhd_100_2.jpg,151
image\feature\division_hd\dhd_100_3.jpg,158
image\feature\division_hd\dhd_100_4.jpg,163
image\feature\division_hd\dhd_100_5.jpg,170
image\feature\division_hd\dhd_100_6.jpg,179
image\feature\division_hd\dhd_100_7.jpg,185
image\feature\division_hd\dhd_100_8.jpg,189
image\feature\division_hd\dhd_100_9.jpg,189
image\feature\division_hd\dhd_4900_1.jpg,130
image\feature\division_hd\dhd_4900_2.jpg,128
image\feature\division_hd\dhd_4900_3.jpg,124
image\feature\division_hd\dhd_4900_4.jpg,125
image\feature\division_hd\dhd_4900_5.jpg,136
image\feature\division_hd\dhd_4900_6.jpg,144
image\feature\division_hd\dhd_4900_7.jpg,136
image\feature\division_hd\dhd_4900_8.jpg,127
image\feature\division_hd\dhd_4900_9.jpg,133
image\feature\division_hd\dhd_9900_1.jpg,136
image\feature\division_hd\dhd_9900_2.jpg,133
image\feature\division_hd\dhd_9900_3.jpg,140
image\feature\division_hd\dhd_9900_4.jpg,141
image\feature\division_hd\dhd_9900_5.jpg,140
image\feature\division_hd\dhd_9900_6.jpg,136
image\feature\division_hd\dhd_9900_7.jpg,142
image\feature\division_hd\dhd_9900_8.jpg,152
image\feature\division_hd\dhd_9900_9.jpg,148
image\feature\division_hs\dhs_4300_1.jpg,162
image\feature\division_hs\dhs_4300_2.jpg,171
image\feature\division_hs\dhs_4300_3.jpg,176
image\feature\division_hs\dhs_4300_4.jpg,178
image\feature\division_hs\dhs_4300_5.jpg,178
image\feature\division_hs\dhs_4300_6.jpg,179
image\feature\division_hs\dhs_4300_7.jpg,181
image\feature\division_hs\dhs_4300_8.jpg,183
image\feature\division_hs\dhs_4300_9.jpg,184
image\feature\division_hs\dhs_9300_1.jpg,149
image\feature\division_hs\dhs_9300_2.jpg,156
image\feature\division_hs\dhs_9300_3.jpg,157
image\feature\division_hs\dhs_9300_4.jpg,155
image\feature\division_hs\dhs_9300_5.jpg,158
image\feature\division_hs\dhs_9300_6.jpg,155
image\feature\division_hs\dhs_9300_7.jpg,132
image\feature\division_hs\dhs_9300_8.jpg,97
image\feature\division_hs\dhs_9300_9.jpg,69
image\feature\division_ud\dud_3700_1.jpg,83
image\feature\division_ud\dud_3700_2.jpg,88
image\feature\division_ud\dud_3700_3.jpg,101
image\feature\division_ud\dud_3700_4.jpg,107
image\feature\division_ud\dud_3700_5.jpg,110
image\feature\division_ud\dud_3700_6.jpg,118
image\feature\division_ud\dud_3700_7.jpg,129
image\feature\division_ud\dud_3700_8.jpg,140
image\feature\division_ud\dud_3700_9.jpg,148
image\feature\division_ud\dud_8700_1.jpg,118
image\feature\division_ud\dud_8700_2.jpg,124
image\feature\division_ud\dud_8700_3.jpg,122
image\feature\division_ud\dud_8700_4.jpg,110
image\feature\division_ud\dud_8700_5.jpg,87
image\feature\division_ud\dud_8700_6.jpg,73
image\feature\division_ud\dud_8700_7.jpg,85
image\feature\division_ud\dud_8700_8.jpg,111
image\feature\division_ud\dud_8700_9.jpg,136
image\feature\division_us\dus_3100_1.jpg,131
image\feature\division_us\dus_3100_2.jpg,124
image\feature\division_us\dus_3100_3.jpg,120
image\feature\division_us\dus_3100_4.jpg,119
image\feature\division_us\dus_3100_5.jpg,120
image\feature\division_us\dus_3100_6.jpg,119
image\feature\division_us\dus_3100_7.jpg,117
image\feature\division_us\dus_3100_8.jpg,116
image\feature\division_us\dus_3100_9.jpg,118
image\feature\division_us\dus_8100_1.jpg,164
image\feature\division_us\dus_8100_2.jpg,156
image\feature\division_us\dus_8100_3.jpg,149
image\feature\division_us\dus_8100_4.jpg,143
image\feature\division_us\dus_8100_5.jpg,139
image\feature\division_us\dus_8100_6.jpg,135
image\feature\division_us\dus_8100_7.jpg,131
image\feature\division_us\dus_8100_8.jpg,128
image\feature\division_us\dus_8100_9.jpg,124
